file_title,status,path,error
File:231kei entrance.JPG,downloaded,img\E231系\517adc_231kei entrance.JPG,
File:JRE Saro-E232-15 Outside Door.jpg,downloaded,img\E233系\b9992b_JRE Saro-E232-15 Outside Door.jpg,
File:E233kei green car 1floor NO2.JPG,downloaded,img\E233系\2c1edf_E233kei green car 1floor NO2.JPG,
File:E233kei green car 1floor.JPG,downloaded,img\E233系\0fee08_E233kei green car 1floor.JPG,
File:E233kei green car 2 floor.JPG,downloaded,img\E233系\1332a7_E233kei green car 2 floor.JPG,
"File:Code indicating the department to which it belongs, Yamagata depot.jpg",downloaded,"img\キハ100系\4cf04b_Code indicating the department to which it belongs, Yamagata depot.jpg",
"File:Destination sign of JR East Kiha 100 series ""bound for Uzen-Nagasaki"".jpg",downloaded,img\キハ100系\f20546_Destination sign of JR East Kiha 100 series _bound for Uzen-Nagasaki_.jpg,
File:High Rail 1375 deck.jpg,downloaded,img\キハ100系\71e73c_High Rail 1375 deck.jpg,
File:High Rail 1375 Gallery.jpg,downloaded,img\キハ100系\f4db79_High Rail 1375 Gallery.jpg,
File:従来型とは異なり、扉は2枚になっている.jpg,downloaded,img\E233系\32952d_従来型とは異なり、扉は2枚になっている.jpg,
File:Iyonada Monogatari LastRunHM.jpg,downloaded,img\キハ40系\dc1e13_Iyonada Monogatari LastRunHM.jpg,
File:Iyonada Monogatari Ozu-bound breakfast 20170506-001.jpg,downloaded,img\キハ40系\d3f597_Iyonada Monogatari Ozu-bound breakfast 20170506-001.jpg,
File:Iyonada Monogatari Ozu-bound breakfast 20170506-002.jpg,downloaded,img\キハ40系\d1e7a9_Iyonada Monogatari Ozu-bound breakfast 20170506-002.jpg,
File:Toukyu5050 4110F.jpg,downloaded,img\E231系\46b5f1_Toukyu5050 4110F.jpg,
File:Photo-with-Xiaomi15Ultra 264.jpg,downloaded,img\E233系\49c627_Photo-with-Xiaomi15Ultra 264.jpg,
File:Photo-with-Xiaomi15Ultra 265.jpg,downloaded,img\E233系\f413fb_Photo-with-Xiaomi15Ultra 265.jpg,
File:Photo-with-Xiaomi15Ultra 266.jpg,downloaded,img\E233系\7c5880_Photo-with-Xiaomi15Ultra 266.jpg,
